[
    {
        "data": [
            {
                "text": "Ya han operado a mi vecina todo ha salido bien no he descansado en toda la noche que me aconsejas que haga pues estoy aún muy nerviosa",
                "userDefined": false
            }
        ],
        "isTemplate": false,
        "count": 0,
        "lang": "es",
        "updated": 0
    },
    {
        "data": [
            {
                "text": "Hoy he comido con mi familia hacia tiempo que no estaba con uno de ellos ha sido muy bonito el podernos reunir",
                "userDefined": false
            }
        ],
        "isTemplate": false,
        "count": 0,
        "lang": "es",
        "updated": 0
    },
    {
        "data": [
            {
                "text": "El día 1 de mayo es mi cumpleaños",
                "userDefined": false
            }
        ],
        "isTemplate": false,
        "count": 0,
        "lang": "es",
        "updated": 0
    }
]