[
    {
        "data": [
            {
                "text": "Por otro lado el COVID ha vuelto hoy no ha podido comer mi hijo con nosotros",
                "userDefined": false
            }
        ],
        "isTemplate": false,
        "count": 0,
        "lang": "es",
        "updated": 0
    },
    {
        "data": [
            {
                "text": "Me gustaría pasar el día de la madre con todos pero otro año igual con la pandemia pero ya pasará",
                "userDefined": false
            }
        ],
        "isTemplate": false,
        "count": 0,
        "lang": "es",
        "updated": 0
    },
    {
        "data": [
            {
                "text": "Este año al final puedo irme de vacaciones con los jubilados espero que no se estrope por el COVID",
                "userDefined": false
            }
        ],
        "isTemplate": false,
        "count": 0,
        "lang": "es",
        "updated": 0
    }
]