[
    {
        "data": [
            {
                "text": "Estoy viendo una serie de ",
                "userDefined": false
            },
            {
                "text": "señora acero",
                "meta": "@serie",
                "alias": "serie",
                "userDefined": false
            },
            {
                "text": "\"",
                "userDefined": false
            },
            {
                "text": "ver serie",
                "meta": "@actividad",
                "alias": "actividad",
                "userDefined": false
            },
            {
                "text": "\"",
                "userDefined": false
            },
            {
                "text": "Netflix",
                "meta": "@lugar",
                "alias": "lugar",
                "userDefined": false
            }
        ],
        "isTemplate": false,
        "count": 0,
        "lang": "es",
        "updated": 0
    },
    {
        "data": [
            {
                "text": "Aquí ando, ",
                "userDefined": false
            },
            {
                "text": "trabajando",
                "meta": "@actividad",
                "alias": "actividad",
                "userDefined": false
            },
            {
                "text": ". ¿Qué tal tú?",
                "userDefined": false
            }
        ],
        "isTemplate": false,
        "count": 0,
        "lang": "es",
        "updated": 0
    }
]