[
    {
        "data": [
            {
                "text": "Hola de nuevo me gustaría que me avises el día que tengo que ir a la ",
                "userDefined": false
            },
            {
                "text": "farmacia",
                "meta": "@lugar",
                "alias": "lugar",
                "userDefined": false
            },
            {
                "text": " para las medicinas ya te lo dije y ahora noe acuerdo",
                "userDefined": false
            }
        ],
        "isTemplate": false,
        "count": 0,
        "lang": "es",
        "updated": 0
    },
    {
        "data": [
            {
                "text": "Recuerdame que el día seis me quitan los puntos",
                "userDefined": false
            }
        ],
        "isTemplate": false,
        "count": 0,
        "lang": "es",
        "updated": 0
    }
]