[
    {
        "data": [
            {
                "text": "Mañana",
                "meta": "@fecha",
                "alias": "fecha",
                "userDefined": false
            },
            {
                "text": " tengo médico a las ",
                "userDefined": false
            },
            {
                "text": "9h",
                "meta": "@hora",
                "alias": "hora",
                "userDefined": false
            }
        ],
        "isTemplate": false,
        "count": 0,
        "lang": "es",
        "updated": 0
    },
    {
        "data": [
            {
                "text": "Tengo varias citad",
                "userDefined": false
            }
        ],
        "isTemplate": false,
        "count": 0,
        "lang": "es",
        "updated": 0
    },
    {
        "data": [
            {
                "text": "Acabo de actualizar mi agenda pero quiero que me vayas avisando tengo cita con el médico el 26 de abril con el endocrino el 25 de abril el seis de mayo con el enfermero y el 22 de julio también con el ves recordame cada cita gracias",
                "userDefined": false
            }
        ],
        "isTemplate": false,
        "count": 0,
        "lang": "es",
        "updated": 0
    }
]