[
    {
        "data": [
            {
                "text": "Hola hoy he recibido una buena noticia mi hija empieza a trabajar el día nueve",
                "userDefined": false
            }
        ],
        "isTemplate": false,
        "count": 0,
        "lang": "es",
        "updated": 0
    },
    {
        "data": [
            {
                "text": "Mañana celebramos el Día de la madre comemos en el centro comercial pero no estamos todos como me gustaría otro año será",
                "userDefined": false
            },
            {
                "text": "tristeza",
                "meta": "@estado",
                "alias": "estado",
                "userDefined": false
            }
        ],
        "isTemplate": false,
        "count": 0,
        "lang": "es",
        "updated": 0
    },
    {
        "data": [
            {
                "text": "Me acaban de llamar por teléfono me han dado muy buenas noticias acaban de solucionarme un problema que hacía meses tenía",
                "userDefined": false
            },
            {
                "text": "felicidad",
                "meta": "@estado",
                "alias": "estado",
                "userDefined": false
            }
        ],
        "isTemplate": false,
        "count": 0,
        "lang": "es",
        "updated": 0
    },
    {
        "data": [
            {
                "text": "Hoy he comido con mi familia hacia tiempo que no estaba con uno de ellos ha sido muy bonito el podernos reunir",
                "userDefined": false
            }
        ],
        "isTemplate": false,
        "count": 0,
        "lang": "es",
        "updated": 0
    },
    {
        "data": [
            {
                "text": "Ya han operado a mi vecina todo ha salido bien no he descansado en toda la noche que me aconsejas que haga pues estoy aún muy nerviosa",
                "userDefined": false
            }
        ],
        "isTemplate": false,
        "count": 0,
        "lang": "es",
        "updated": 0
    },
    {
        "data": [
            {
                "text": "El día 1 de mayo es mi cumpleaños",
                "userDefined": false
            }
        ],
        "isTemplate": false,
        "count": 0,
        "lang": "es",
        "updated": 0
    }
]