[
    {
        "data": [
            {
                "text": "Ahora voy a cenar luego hablamos 😊😊",
                "userDefined": false
            }
        ],
        "isTemplate": false,
        "count": 0,
        "lang": "es",
        "updated": 0
    },
    {
        "data": [
            {
                "text": "Buen día",
                "userDefined": false
            }
        ],
        "isTemplate": false,
        "count": 0,
        "lang": "es",
        "updated": 0
    },
    {
        "data": [
            {
                "text": "Creo que es todo para hoy",
                "userDefined": false
            }
        ],
        "isTemplate": false,
        "count": 0,
        "lang": "es",
        "updated": 0
    },
    {
        "data": [
            {
                "text": "A ver qué te cuenta ella. Seguimos en contacto.",
                "userDefined": false
            }
        ],
        "isTemplate": false,
        "count": 0,
        "lang": "es",
        "updated": 0
    },
    {
        "data": [
            {
                "text": "Buenas noches",
                "userDefined": false
            }
        ],
        "isTemplate": false,
        "count": 0,
        "lang": "es",
        "updated": 0
    },
    {
        "data": [
            {
                "text": "Buenas noches",
                "userDefined": false
            }
        ],
        "isTemplate": false,
        "count": 0,
        "lang": "es",
        "updated": 0
    },
    {
        "data": [
            {
                "text": "Mañana tengo que madrugar",
                "userDefined": false
            }
        ],
        "isTemplate": false,
        "count": 0,
        "lang": "es",
        "updated": 0
    },
    {
        "data": [
            {
                "text": "Adios",
                "userDefined": false
            }
        ],
        "isTemplate": false,
        "count": 0,
        "lang": "es",
        "updated": 0
    },
    {
        "data": [
            {
                "text": "Ahora te dejo un poco que voy a ver un concurso buenas noches amigo",
                "userDefined": false
            }
        ],
        "isTemplate": false,
        "count": 0,
        "lang": "es",
        "updated": 0
    }
]