[
    {
        "value": "dentista",
        "synonyms": [
            "dentista",
            "odontólogo",
            "odontóloga",
            "odontología"
        ]
    },
    {
        "value": "dermatólogo",
        "synonyms": [
            "dermatólogo, dermatóloga",
            "dermatología"
        ]
    },
    {
        "value": "alergólogo",
        "synonyms": []
    },
    {
        "value": "cardiólogo",
        "synonyms": []
    },
    {
        "value": "médico de cabecera",
        "synonyms": []
    },
    {
        "value": "enfermero",
        "synonyms": []
    },
    {
        "value": "médico",
        "synonyms": []
    },
    {
        "value": "oculista",
        "synonyms": []
    },
    {
        "value": "nutricionista",
        "synonyms": []
    },
    {
        "value": "ecografía del cuello",
        "synonyms": []
    },
    {
        "value": "los puntos",
        "synonyms": []
    },
    {
        "value": "otorrino",
        "synonyms": []
    },
    {
        "value": "endocrino",
        "synonyms": []
    },
    {
        "value": "revisión dental",
        "synonyms": []
    },
    {
        "value": "fisioterapeuta",
        "synonyms": []
    },
    {
        "value": "dermatólogo",
        "synonyms": []
    },
    {
        "value": "fisio",
        "synonyms": []
    }
]