[
    {
        "value": "tristeza",
        "synonyms": [
            "triste",
            "tristeza",
            "disgustado",
            "disgustada",
            "mal"
        ]
    },
    {
        "value": "alegría",
        "synonyms": [
            "alegría",
            "alegre",
            "contento",
            "feliz",
            "felicidad",
            "bien"
        ]
    },
    {
        "value": "soledad",
        "synonyms": [
            "solo",
            "sola",
            "soledad",
            "solitaria",
            "solitario"
        ]
    },
    {
        "value": "cansancio",
        "synonyms": [
            "cansancio",
            "agotamiento",
            "cansado",
            "cansada",
            "agotado",
            "agotada"
        ]
    },
    {
        "value": "muy triste",
        "synonyms": []
    },
    {
        "value": "muy bien",
        "synonyms": []
    },
    {
        "value": "ocupado",
        "synonyms": []
    },
    {
        "value": "muy contenta",
        "synonyms": []
    },
    {
        "value": "molests",
        "synonyms": []
    },
    {
        "value": "bien",
        "synonyms": []
    },
    {
        "value": "divertido",
        "synonyms": []
    },
    {
        "value": "tranquilo",
        "synonyms": []
    }
]