[
    {
        "value": "enfermero",
        "synonyms": []
    },
    {
        "value": "otorrino",
        "synonyms": []
    },
    {
        "value": "fisioterapeuta",
        "synonyms": []
    },
    {
        "value": "médico",
        "synonyms": []
    },
    {
        "value": "dentista",
        "synonyms": []
    },
    {
        "value": "revisión dental",
        "synonyms": []
    },
    {
        "value": "fisio",
        "synonyms": []
    },
    {
        "value": "endocrino",
        "synonyms": []
    },
    {
        "value": "los puntos",
        "synonyms": []
    },
    {
        "value": "dermatólogo",
        "synonyms": []
    },
    {
        "value": "nutricionista",
        "synonyms": []
    },
    {
        "value": "oculista",
        "synonyms": []
    },
    {
        "value": "ecografía del cuello",
        "synonyms": []
    }
]