[
    {
        "value": "ibuprofeno",
        "synonyms": []
    },
    {
        "value": "rinialer",
        "synonyms": [
            "pastilla de la alergia"
        ]
    },
    {
        "value": "metformina",
        "synonyms": []
    },
    {
        "value": "paracetamol",
        "synonyms": []
    },
    {
        "value": "soniase supra d",
        "synonyms": [
            "soniase supra d",
            "soniase"
        ]
    },
    {
        "value": "atorvastatina",
        "synonyms": []
    },
    {
        "value": "lovastatina",
        "synonyms": []
    },
    {
        "value": "algidol",
        "synonyms": []
    },
    {
        "value": "rosa mosqueta",
        "synonyms": []
    },
    {
        "value": "valdispert",
        "synonyms": []
    },
    {
        "value": "vitamina d",
        "synonyms": [
            "vitaminas",
            "vitamina"
        ]
    },
    {
        "value": "redoxon",
        "synonyms": []
    },
    {
        "value": "pastillas",
        "synonyms": []
    },
    {
        "value": "suplemento de hierro",
        "synonyms": []
    },
    {
        "value": "adiro 300",
        "synonyms": []
    },
    {
        "value": "ibuprofeno",
        "synonyms": []
    }
]