[
    {
        "value": "sola",
        "synonyms": []
    },
    {
        "value": "ocupado",
        "synonyms": []
    },
    {
        "value": "muy bien",
        "synonyms": []
    },
    {
        "value": "bien",
        "synonyms": []
    },
    {
        "value": "disgustada",
        "synonyms": []
    },
    {
        "value": "tristeza",
        "synonyms": []
    },
    {
        "value": "felicidad",
        "synonyms": []
    },
    {
        "value": "cansada",
        "synonyms": []
    },
    {
        "value": "muy contenta",
        "synonyms": []
    },
    {
        "value": "Bien",
        "synonyms": []
    },
    {
        "value": "molests",
        "synonyms": []
    }
]