[
    {
        "value": "triste",
        "synonyms": [
            "triste",
            "tristeza",
            "disgustado",
            "disgustada"
        ]
    },
    {
        "value": "alegre",
        "synonyms": [
            "alegre",
            "contento",
            "feliz",
            "felicidad"
        ]
    },
    {
        "value": "solo",
        "synonyms": [
            "solo",
            "sola",
            "soledad",
            "solitario"
        ]
    },
    {
        "value": "ocupado",
        "synonyms": []
    },
    {
        "value": "muy bien",
        "synonyms": []
    },
    {
        "value": "bien",
        "synonyms": []
    },
    {
        "value": "cansada",
        "synonyms": []
    },
    {
        "value": "muy contenta",
        "synonyms": []
    },
    {
        "value": "bien",
        "synonyms": []
    },
    {
        "value": "molests",
        "synonyms": []
    }
]