[
    {
        "value": "ibuprofeno",
        "synonyms": []
    },
    {
        "value": "rinialer",
        "synonyms": []
    },
    {
        "value": "metformina",
        "synonyms": []
    },
    {
        "value": "paracetamol",
        "synonyms": []
    },
    {
        "value": "soniase supra d",
        "synonyms": []
    },
    {
        "value": "atorvastatina",
        "synonyms": []
    },
    {
        "value": "lovastatina",
        "synonyms": []
    },
    {
        "value": "vitamina d",
        "synonyms": []
    },
    {
        "value": "redoxon",
        "synonyms": []
    },
    {
        "value": "pastillas",
        "synonyms": []
    },
    {
        "value": "rosa mosqueta",
        "synonyms": []
    },
    {
        "value": "adiro 300",
        "synonyms": []
    }
]