[
    {
        "value": "soledad",
        "synonyms": []
    },
    {
        "value": "culpabilidad",
        "synonyms": []
    },
    {
        "value": "felicidad",
        "synonyms": []
    },
    {
        "value": "bien",
        "synonyms": []
    },
    {
        "value": "sueño",
        "synonyms": []
    },
    {
        "value": "disgusto",
        "synonyms": []
    },
    {
        "value": "tristeza",
        "synonyms": []
    },
    {
        "value": "voluntad",
        "synonyms": []
    },
    {
        "value": "cansancio",
        "synonyms": []
    },
    {
        "value": "molestia",
        "synonyms": []
    }
]