[
    {
        "data": [
            {
                "text": "Estoy viendo una serie de Netflix\"señora acero\"",
                "userDefined": false
            }
        ],
        "isTemplate": false,
        "count": 0,
        "lang": "es",
        "updated": 0
    },
    {
        "data": [
            {
                "text": "Aquí ando, trabajando. ¿Qué tal tú?",
                "userDefined": false
            }
        ],
        "isTemplate": false,
        "count": 0,
        "lang": "es",
        "updated": 0
    }
]