[
    {
        "data": [
            {
                "text": "Todos los meses el día ocho me toca la vitamina d",
                "userDefined": false
            }
        ],
        "isTemplate": false,
        "count": 0,
        "lang": "es",
        "updated": 0
    },
    {
        "data": [
            {
                "text": "Tomo redoxon por la mañana y soltar advanced plus por la noche",
                "userDefined": false
            }
        ],
        "isTemplate": false,
        "count": 0,
        "lang": "es",
        "updated": 0
    },
    {
        "data": [
            {
                "text": "Recuérdame tomar ibuprofeno mañana",
                "userDefined": false
            }
        ],
        "isTemplate": false,
        "count": 0,
        "lang": "es",
        "updated": 0
    },
    {
        "data": [
            {
                "text": "Me han dicho que me de rosa mosqueta después de una ducha",
                "userDefined": false
            }
        ],
        "isTemplate": false,
        "count": 0,
        "lang": "es",
        "updated": 0
    },
    {
        "data": [
            {
                "text": "Mi madre toma Adiro 300 a diario. Es un medicamento.",
                "userDefined": false
            }
        ],
        "isTemplate": false,
        "count": 0,
        "lang": "es",
        "updated": 0
    }
]