[
    {
        "data": [
            {
                "text": "Tengo que tomar ",
                "userDefined": false
            },
            {
                "text": "hoy",
                "meta": "@sys.date-time",
                "alias": "date-time",
                "userDefined": false
            },
            {
                "text": " ",
                "userDefined": false
            },
            {
                "text": "pastillas",
                "meta": "@medicamento",
                "alias": "medicamento",
                "userDefined": false
            },
            {
                "text": "?",
                "userDefined": false
            }
        ],
        "isTemplate": false,
        "count": 0,
        "lang": "es",
        "updated": 0
    }
]