[
    {
        "data": [
            {
                "text": "Todos los meses el día ocho",
                "meta": "@cuando",
                "alias": "cuando",
                "userDefined": false
            },
            {
                "text": " me toca la ",
                "userDefined": false
            },
            {
                "text": "vitamina d",
                "meta": "@medicamento",
                "alias": "medicamento",
                "userDefined": false
            }
        ],
        "isTemplate": false,
        "count": 0,
        "lang": "es",
        "updated": 0
    },
    {
        "data": [
            {
                "text": "Tomo ",
                "userDefined": false
            },
            {
                "text": "por la mañana",
                "meta": "@cuando",
                "alias": "cuando",
                "userDefined": false
            },
            {
                "text": " ",
                "userDefined": false
            },
            {
                "text": "redoxon",
                "meta": "@medicamento",
                "alias": "medicamento",
                "userDefined": false
            },
            {
                "text": " y soltar advanced plus por la noche",
                "userDefined": false
            }
        ],
        "isTemplate": false,
        "count": 0,
        "lang": "es",
        "updated": 0
    },
    {
        "data": [
            {
                "text": "Recuérdame tomar ",
                "userDefined": false
            },
            {
                "text": "ibuprofeno",
                "meta": "@medicamento",
                "alias": "medicamento",
                "userDefined": false
            },
            {
                "text": " ",
                "userDefined": false
            },
            {
                "text": "mañana",
                "meta": "@fecha",
                "alias": "fecha",
                "userDefined": false
            }
        ],
        "isTemplate": false,
        "count": 0,
        "lang": "es",
        "updated": 0
    },
    {
        "data": [
            {
                "text": "Me han dicho que me de rosa mosqueta ",
                "userDefined": false
            },
            {
                "text": "después de una ducha",
                "meta": "@cuando",
                "alias": "cuando",
                "userDefined": false
            },
            {
                "text": "Rosa mosqueta",
                "meta": "@medicamento",
                "alias": "medicamento",
                "userDefined": false
            }
        ],
        "isTemplate": false,
        "count": 0,
        "lang": "es",
        "updated": 0
    },
    {
        "data": [
            {
                "text": "Mi madre toma ",
                "userDefined": false
            },
            {
                "text": "a diario",
                "meta": "@cuando",
                "alias": "cuando",
                "userDefined": false
            },
            {
                "text": " ",
                "userDefined": false
            },
            {
                "text": "Adiro 300",
                "meta": "@medicamento",
                "alias": "medicamento",
                "userDefined": false
            },
            {
                "text": ". Es un medicamento.",
                "userDefined": false
            }
        ],
        "isTemplate": false,
        "count": 0,
        "lang": "es",
        "updated": 0
    }
]