[
    {
        "data": [
            {
                "text": "Recuerda a mi madre que apague el ",
                "userDefined": false
            },
            {
                "text": "extractor",
                "meta": "@dispositivo",
                "alias": "dispositivo",
                "userDefined": false
            },
            {
                "text": ".",
                "userDefined": false
            }
        ],
        "isTemplate": false,
        "count": 0,
        "lang": "es",
        "updated": 0
    },
    {
        "data": [
            {
                "text": "A veces se deja alguna ",
                "userDefined": false
            },
            {
                "text": "luz",
                "meta": "@dispositivo",
                "alias": "dispositivo",
                "userDefined": false
            },
            {
                "text": " encendida, o el fuego de la cocina.",
                "userDefined": false
            }
        ],
        "isTemplate": false,
        "count": 0,
        "lang": "es",
        "updated": 0
    },
    {
        "data": [
            {
                "text": "Recuerda a mi madre que apague las ",
                "userDefined": false
            },
            {
                "text": "luces",
                "meta": "@dispositivo",
                "alias": "dispositivo",
                "userDefined": false
            },
            {
                "text": ".",
                "userDefined": false
            }
        ],
        "isTemplate": false,
        "count": 0,
        "lang": "es",
        "updated": 0
    }
]