[
    {
        "data": [
            {
                "text": "Me tengo que tomar ",
                "userDefined": false
            },
            {
                "text": "todos los días",
                "meta": "@sys.date-time",
                "alias": "date-time",
                "userDefined": false
            },
            {
                "text": " sin falta ",
                "userDefined": false
            },
            {
                "text": "vitamina d",
                "meta": "@medicamento",
                "alias": "medicamento",
                "userDefined": false
            }
        ],
        "isTemplate": false,
        "count": 0,
        "lang": "es",
        "updated": 0
    },
    {
        "data": [
            {
                "text": "el ",
                "userDefined": false
            },
            {
                "text": "rinialer",
                "meta": "@medicamento",
                "alias": "medicamento",
                "userDefined": false
            },
            {
                "text": " me toca a las ",
                "userDefined": false
            },
            {
                "text": "9h",
                "meta": "@sys.date-time",
                "alias": "date-time",
                "userDefined": false
            }
        ],
        "isTemplate": false,
        "count": 0,
        "lang": "es",
        "updated": 0
    },
    {
        "data": [
            {
                "text": "Todos los meses ",
                "userDefined": false
            },
            {
                "text": "el día ocho",
                "meta": "@sys.date-time",
                "alias": "date-time",
                "userDefined": false
            },
            {
                "text": " me toca la ",
                "userDefined": false
            },
            {
                "text": "vitamina d",
                "meta": "@medicamento",
                "alias": "medicamento",
                "userDefined": false
            }
        ],
        "isTemplate": false,
        "count": 0,
        "lang": "es",
        "updated": 0
    },
    {
        "data": [
            {
                "text": "Me toca la ",
                "userDefined": false
            },
            {
                "text": "pastilla de la alergia",
                "meta": "@medicamento",
                "alias": "medicamento",
                "userDefined": false
            },
            {
                "text": " en ",
                "userDefined": false
            },
            {
                "text": "mayo",
                "meta": "@sys.date-time",
                "alias": "date-time",
                "userDefined": false
            }
        ],
        "isTemplate": false,
        "count": 0,
        "lang": "es",
        "updated": 0
    },
    {
        "data": [
            {
                "text": "Me tomo el ",
                "userDefined": false
            },
            {
                "text": "desayuno",
                "meta": "@sys.date-time",
                "alias": "date-time",
                "userDefined": false
            },
            {
                "text": " en el ",
                "userDefined": false
            },
            {
                "text": "suplemento de hierro",
                "meta": "@medicamento",
                "alias": "medicamento",
                "userDefined": false
            }
        ],
        "isTemplate": false,
        "count": 0,
        "lang": "es",
        "updated": 0
    },
    {
        "data": [
            {
                "text": "el ",
                "userDefined": false
            },
            {
                "text": "sábado",
                "meta": "@sys.date-time",
                "alias": "date-time",
                "userDefined": false
            },
            {
                "text": " me toca el ",
                "userDefined": false
            },
            {
                "text": "paracetamol",
                "meta": "@medicamento",
                "alias": "medicamento",
                "userDefined": false
            }
        ],
        "isTemplate": false,
        "count": 0,
        "lang": "es",
        "updated": 0
    },
    {
        "data": [
            {
                "text": "Recuérdame tomar ",
                "userDefined": false
            },
            {
                "text": "ibuprofeno",
                "meta": "@medicamento",
                "alias": "medicamento",
                "userDefined": false
            },
            {
                "text": " ",
                "userDefined": false
            },
            {
                "text": "mañana",
                "meta": "@sys.date-time",
                "alias": "date-time",
                "userDefined": false
            }
        ],
        "isTemplate": false,
        "count": 0,
        "lang": "es",
        "updated": 0
    },
    {
        "data": [
            {
                "text": "Los ",
                "userDefined": false
            },
            {
                "text": "lunes a las 4 de la tarde",
                "meta": "@sys.date-time",
                "alias": "date-time",
                "userDefined": false
            },
            {
                "text": " me tomo ",
                "userDefined": false
            },
            {
                "text": "rinialer",
                "meta": "@medicamento",
                "alias": "medicamento",
                "userDefined": false
            }
        ],
        "isTemplate": false,
        "count": 0,
        "lang": "es",
        "updated": 0
    },
    {
        "data": [
            {
                "text": "a las 22:00",
                "meta": "@sys.date-time",
                "alias": "date-time",
                "userDefined": false
            },
            {
                "text": " me tomo ",
                "userDefined": false
            },
            {
                "text": "ibuprofeno",
                "meta": "@medicamento",
                "alias": "medicamento",
                "userDefined": false
            }
        ],
        "isTemplate": false,
        "count": 0,
        "lang": "es",
        "updated": 0
    },
    {
        "data": [
            {
                "text": "me toca ",
                "userDefined": false
            },
            {
                "text": "rinialer",
                "meta": "@medicamento",
                "alias": "medicamento",
                "userDefined": false
            },
            {
                "text": " ",
                "userDefined": false
            },
            {
                "text": "a las 5",
                "meta": "@sys.date-time",
                "alias": "date-time",
                "userDefined": false
            }
        ],
        "isTemplate": false,
        "count": 0,
        "lang": "es",
        "updated": 0
    },
    {
        "data": [
            {
                "text": "Tomo ",
                "userDefined": false
            },
            {
                "text": "8 de la mañana",
                "meta": "@sys.date-time",
                "alias": "date-time",
                "userDefined": false
            },
            {
                "text": " a las ",
                "userDefined": false
            },
            {
                "text": "redoxon",
                "meta": "@medicamento",
                "alias": "medicamento",
                "userDefined": false
            }
        ],
        "isTemplate": false,
        "count": 0,
        "lang": "es",
        "updated": 0
    },
    {
        "data": [
            {
                "text": "el ",
                "userDefined": false
            },
            {
                "text": "rinialer",
                "meta": "@medicamento",
                "alias": "medicamento",
                "userDefined": false
            },
            {
                "text": " me lo tomo ",
                "userDefined": false
            },
            {
                "text": "a las 10",
                "meta": "@sys.date-time",
                "alias": "date-time",
                "userDefined": false
            }
        ],
        "isTemplate": false,
        "count": 0,
        "lang": "es",
        "updated": 0
    },
    {
        "data": [
            {
                "text": "el ",
                "userDefined": false
            },
            {
                "text": "sábado",
                "meta": "@sys.date-time",
                "alias": "date-time",
                "userDefined": false
            },
            {
                "text": " me toca ",
                "userDefined": false
            },
            {
                "text": "paracetamol",
                "meta": "@medicamento",
                "alias": "medicamento",
                "userDefined": false
            }
        ],
        "isTemplate": false,
        "count": 0,
        "lang": "es",
        "updated": 0
    },
    {
        "data": [
            {
                "text": "Mi madre toma ",
                "userDefined": false
            },
            {
                "text": "a diario",
                "meta": "@sys.date-time",
                "alias": "date-time",
                "userDefined": false
            },
            {
                "text": " ",
                "userDefined": false
            },
            {
                "text": "Adiro 300",
                "meta": "@medicamento",
                "alias": "medicamento",
                "userDefined": false
            },
            {
                "text": ". Es un medicamento.",
                "userDefined": false
            }
        ],
        "isTemplate": false,
        "count": 0,
        "lang": "es",
        "updated": 0
    },
    {
        "data": [
            {
                "text": "me toca tomar ",
                "userDefined": false
            },
            {
                "text": "a las 5",
                "meta": "@sys.date-time",
                "alias": "date-time",
                "userDefined": false
            },
            {
                "text": " ",
                "userDefined": false
            },
            {
                "text": "rinialer",
                "meta": "@medicamento",
                "alias": "medicamento",
                "userDefined": false
            }
        ],
        "isTemplate": false,
        "count": 0,
        "lang": "es",
        "updated": 0
    },
    {
        "data": [
            {
                "text": "Todos los días",
                "meta": "@sys.date-time",
                "alias": "date-time",
                "userDefined": false
            },
            {
                "text": " me tomo ",
                "userDefined": false
            },
            {
                "text": "rinialer",
                "meta": "@medicamento",
                "alias": "medicamento",
                "userDefined": false
            },
            {
                "text": " por la mañana",
                "userDefined": false
            }
        ],
        "isTemplate": false,
        "count": 0,
        "lang": "es",
        "updated": 0
    },
    {
        "data": [
            {
                "text": "Todos los días",
                "meta": "@sys.date-time",
                "alias": "date-time",
                "userDefined": false
            },
            {
                "text": " me tomo ",
                "userDefined": false
            },
            {
                "text": "rinialer",
                "meta": "@medicamento",
                "alias": "medicamento",
                "userDefined": false
            }
        ],
        "isTemplate": false,
        "count": 0,
        "lang": "es",
        "updated": 0
    },
    {
        "data": [
            {
                "text": "me tomo ",
                "userDefined": false
            },
            {
                "text": "por la tarde",
                "meta": "@sys.date-time",
                "alias": "date-time",
                "userDefined": false
            },
            {
                "text": " ",
                "userDefined": false
            },
            {
                "text": "redoxon",
                "meta": "@medicamento",
                "alias": "medicamento",
                "userDefined": false
            }
        ],
        "isTemplate": false,
        "count": 0,
        "lang": "es",
        "updated": 0
    },
    {
        "data": [
            {
                "text": "Tomo ",
                "userDefined": false
            },
            {
                "text": "a las 4 de la tarde",
                "meta": "@sys.date-time",
                "alias": "date-time",
                "userDefined": false
            },
            {
                "text": " ",
                "userDefined": false
            },
            {
                "text": "rinialer",
                "meta": "@medicamento",
                "alias": "medicamento",
                "userDefined": false
            }
        ],
        "isTemplate": false,
        "count": 0,
        "lang": "es",
        "updated": 0
    },
    {
        "data": [
            {
                "text": "me tomo ",
                "userDefined": false
            },
            {
                "text": "redoxon",
                "meta": "@medicamento",
                "alias": "medicamento",
                "userDefined": false
            },
            {
                "text": " ",
                "userDefined": false
            },
            {
                "text": "cuando me levanto",
                "meta": "@sys.date-time",
                "alias": "date-time",
                "userDefined": false
            }
        ],
        "isTemplate": false,
        "count": 0,
        "lang": "es",
        "updated": 0
    },
    {
        "data": [
            {
                "text": "Me tomo ",
                "userDefined": false
            },
            {
                "text": "Ibuprofeno",
                "meta": "@medicamento",
                "alias": "medicamento",
                "userDefined": false
            }
        ],
        "isTemplate": false,
        "count": 0,
        "lang": "es",
        "updated": 0
    },
    {
        "data": [
            {
                "text": "Recuérdame que me tome el ",
                "userDefined": false
            },
            {
                "text": "valdispert",
                "meta": "@medicamento",
                "alias": "medicamento",
                "userDefined": false
            },
            {
                "text": " ",
                "userDefined": false
            },
            {
                "text": "antes de dormir",
                "meta": "@sys.date-time",
                "alias": "date-time",
                "userDefined": false
            }
        ],
        "isTemplate": false,
        "count": 0,
        "lang": "es",
        "updated": 0
    }
]